[
    {"suit":"Spades","face":10,"icon":"Deck/10S.jpg"},
    {"suit":"Clubs","face":10,"icon":"Deck/10C.jpg"},
    {"suit":"Clubs","face":12,"icon":"Deck/12C.jpg"},
    {"suit":"Hearts","face":2,"icon":"Deck/2H.jpg"},
    {"suit":"Clubs","face":3,"icon":"Deck/3C.jpg"},
    {"suit":"Clubs","face":8,"icon":"Deck/8C.jpg"},
    {"suit":"Clubs","face":4,"icon":"Deck/4C.jpg"},
    {"suit":"Clubs","face":2,"icon":"Deck/2C.jpg"},
    {"suit":"Hearts","face":9,"icon":"Deck/9H.jpg"},
    {"suit":"Spades","face":3,"icon":"Deck/3S.jpg"},
    {"suit":"Clubs","face":5,"icon":"Deck/5C.jpg"},
    {"suit":"Diamonds","face":8,"icon":"Deck/8D.jpg"},
    {"suit":"Hearts","face":12,"icon":"Deck/12H.jpg"},
    {"suit":"Spades","face":11,"icon":"Deck/11S.jpg"},
    {"suit":"Spades","face":4,"icon":"Deck/4S.jpg"},
    {"suit":"Hearts","face":6,"icon":"Deck/6H.jpg"},
    {"suit":"Clubs","face":14,"icon":"Deck/14C.jpg"},
    {"suit":"Clubs","face":11,"icon":"Deck/11C.jpg"},
    {"suit":"Spades","face":7,"icon":"Deck/7S.jpg"},
    {"suit":"Spades","face":13,"icon":"Deck/13S.jpg"},
    {"suit":"Hearts","face":10,"icon":"Deck/10H.jpg"},
    {"suit":"Diamonds","face":13,"icon":"Deck/13D.jpg"},
    {"suit":"Clubs","face":13,"icon":"Deck/13C.jpg"},
    {"suit":"Spades","face":5,"icon":"Deck/5S.jpg"}
]
